cnpj;Nome;Nome Fantasia;Valor Total
00.085.040/0001-83;SCONT CONTABILIDADE LTDA;SCONT CONTABILIDADE;100.342,06
00.098.620/0001-05;KALLU MATERIAIS DE CONSTRUCAO LTDA;KALLU MATERIAIS DE CONSTRUCAO;642.961,83
00.100.992/0001-29;TRANSPORTES KOBRASOL LTDA;TRANSPORTES KOBRASOL;2.772.886,63
00.102.859/0001-01;EMPREITEIRA CAMBIRELA LTDA;EMPREITEIRA CAMBIRELA;106.567,23
00.198.171/0001-77;CENTRO EDUCACIONAL ZILA ROSAR LTDA;CENTRO EDUCACIONAL SONHO ENCANTADO;579.908,44
00.303.403/0001-00;TRANSFORTE TRANSPORTES E SERVICOS LTDA EPP;;1.424.180,07
00.309.437/0001-01;EMOBRAC CONSTRUCOES & INCORPORACAO LTDA;;119.479,72
00.354.113/0001-95;TRANSFORME MAO DE OBRA NA CONSTRUCAO CIVIL LTDA;TRANSFORMY CONSTRUCOES;501.775,80
00.388.606/0001-46;SONIA RAMOS;CONFECCOES MARIBO;153.794,73
00.409.265/0001-48;SUPERMERCADO NAVOJRO LTDA;SUPERMERCADO DESCONTAO;197.157,23
00.485.216/0001-94;FLARES ALTHOFF CONSTRUTORA;;134.801,00
00.495.821/0001-46;MINARAB MINERACAO ARNABDON INDUSTRIA E COMERCIO LTDA;;456.353,90
00.515.244/0001-07;FRIGOLOG TRANSPORTES E ARMAZENAGEM LTDA;FRIGOLOG;2.590.003,09
00.540.108/0001-77;RAVOL INDUSTRIA COMERCIO E REPRESENTACOES DO VESTUARIO LTDA;RAVOL JEANS;473.994,94
00.544.774/0001-83;COMANDO METALURGICA LTDA;COMANDO METALURGICA;2.992.849,85
00.551.849/0001-53;SET EMPREITEIRA DE MAO DE OBRA LTDA;;219.496,56
00.564.861/0001-00;SERATA COM E DISTRIBUICAO LTDA;SERATA;115.287,82
00.575.265/0001-18;NOSSA SENHORA DO DESTERRO TURISMO LTDA;DESTERO TURISMO;386.097,78
00.588.396/0001-30;ESSENCIAL ESTETICA AVANCADA LTDA;ESSENCIAL;112.881,72
00.667.608/0001-74;CRAFT SINALIZACAO E DESIGN LTDA;CRAFT;509.756,56
00.687.500/0001-43;RONALDO DA ROSA JR;ALEMAO MATERIAIS & CONSTRUCOES;2.828.335,72
00.713.282/0001-74;VIDROMIR INDUSTRIA E COM. DE VIDROS TEMPERADOS LTDA;PERSONAL GLASS;132.866,35
00.718.664/0001-90;ADAILTON JOAO DA SILVA METALURGICA;EXTRUTURAS METALICAS QUEIJO;361.210,79
00.772.808/0001-97;INDUSTRIAL DE MOVEIS DENONI LTDA;;1.660.452,81
00.929.809/0001-00;IGNIS POLIESTER INDUSTRIA E COMERCIO DE ACESSORIOS PARA BANHEIROS LTDA;EXPOBAN;193.175,21
00.942.258/0001-07;PAB & ECB COMERCIO DE OTICAS LTDA;OTICA LIDER;211.458,66
01.084.408/0001-51;ANDRI EMP DE MO DE OBRA NA CONSTRUCAO CIVIL LTDA;;320.943,14
01.183.240/0001-31;ROSAFELIZ COMERCIO E TRANSPORTE LTDA;ROSAFELIZ COMERCIO E REPRESENTACAO;195.181,20
01.199.943/0001-58;LEANDRO ANTONIO DOS SANTOS;IDEA EMPREENDIMENTOS IMOBILIARIOS;302.195,74
01.252.405/0001-80;NILSETE HILDA DA SILVA VERISSIMO;NOVA CRIL TINTAS;162.923,96
01.289.513/0001-27;GILCEU MORAES;CIA DO FERRO;162.446,48
01.300.108/0003-24;TRANSSURGE TRANSPORTES LTDA;;883.928,17
01.338.970/0001-64;RB REPRESENTACOES DE MEDICAMENTOS LTDA;;112.304,87
01.375.246/0001-00;RMF TRANSPORTE E COMERCIO DE MADEIRAS LTDA;RMF TRANSPORTES;1.733.495,20
01.424.002/0001-70;PALMISUL INDUSTRIA COMERCIO IMPORTACAO EXPORTACAO LTDA;;259.302,83
01.475.916/0001-60;LUIZ CELIO DE SOUZA;ACOUGUE AVENIDA;144.154,75
01.690.920/0001-41;MARCELO MORTARI;RENOVADORA DE PNEUS RODOAR;225.135,58
01.787.962/0001-03;CONSTRUTORA EDUBETOS LTDA;;867.221,45
01.804.245/0001-34;ATUAL LIMPEZA E SERVICOS ESPECIAIS LTDA;;2.446.088,98
01.808.693/0001-06;ASSESSORIA MARKETING E PROMOCOES IMARUIM LTDA;;124.913,40
02.045.211/0001-76;L.D.S COMERCIO DE GENEROS ALIMENTICIOS LTDA;CANTINA DO LAU;227.376,03
02.070.499/0001-39;BRASILTEX MODA LTDA;BTEX;154.563,95
02.108.604/0001-81;PROSALUTE COMERCIO E DISTRIBUICAO EIRELI;SUL PHYTOS;262.503,17
02.118.557/0001-57;VKS EMPREITEIRA DE MAO DE OBRA LTDA;;980.717,95
02.164.746/0001-66;DAMS & FERNANDES LTDA;POSTO ONIX;193.537,06
02.172.574/0001-72;CONRADI COMERCIO DE ALIMENTOS LTDA;SUPER VITORIA;124.285,94
02.187.582/0001-92;MELO & SOUZA LIMA LTDA;SAVILLE;144.097,67
02.215.320/0001-94;AUTO POSTO ALDO LTDA;;182.768,38
02.219.754/0001-62;CENTRO DE EDUCACAO ELCANA LTDA;COLEGIO ELCANA;439.884,30
02.231.265/0001-26;AMPER COMERCIO E SERVICOS DE MANUTENCAO LTDA;AMPER SERVICOS;158.321,82
02.261.846/0001-00;SUPERMERCADO PINHEIRAO LTDA;SUPERMERCADO PINHEIRAO;641.937,06
02.322.756/0001-82;DISTRIBUIDORA DE GAS ALTO ARIRIU LTDA;CENTRAL GAS;232.469,41
02.374.194/0001-10;LAVAMED DO BRASIL SERVICOS LTDA;;662.687,26
02.393.295/0001-39;INSTALADORA PH LTDA;INSTALADORA PH;1.337.515,43
02.411.623/0001-82;AUTO POSTO VIEIRA LTDA;POSTO VIEIRA;260.700,17
02.429.628/0001-32;CENTER PRE MOLDADOS LTDA;IMPERATRIZ CENTER PRE MOLDADOS;243.659,51
02.444.543/0001-23;MARCOS ANTONIO DA SILVA ROCHA LTDA;ROCHATEL CONSTRUCAO E INCORPORACAO;1.477.891,23
02.461.037/0001-42;POSTO MACEDO LTDA;;159.097,94
02.506.551/0001-57;EVERTON ROBERTO DA SILVA;PANIFICADORA E CONFEITARIA EVERPAN;590.221,86
02.506.573/0001-17;HELP INDUSTRIA E COMERCIO DE QUIOSQUES E EQUIPAMENTOS EIRELI;GRUPO HELP BRASIL;2.832.851,84
02.506.636/0001-35;SAMBORSKI & CIA LTDA;SAMBORSKI COMERCIO E SERVICOS;1.666.458,30
02.521.098/0001-58;SERGIO DA ROSA CARDOSO;AUTO ELETRICA SERGIOCAR;106.261,72
02.558.516/0001-81;G.J INDUSTRIA E COMERCIO DE ESQUADRIAS DE FERRO LTDA;;119.295,97
02.640.346/0001-80;CAMBIRELA INDUSTRIA E COMERCIO LTDA;CAMBIRELA LTDA;145.358,17
02.641.247/0001-12;TRANSGARRA TRANSPORTES LTDA;TRANSGARRA;479.892,67
02.678.608/0001-03;AGROCOMERCIAL LITORAL LTDA;;129.941,33
02.692.709/0001-20;MEURER COMERCIO DE SUCATAS LTDA;MEURER SUCATAS;156.039,16
02.730.214/0001-49;TRANSEVE TRANSPORTES LTDA;;473.733,17
02.773.399/0001-79;D F A MOVEIS INDUSTRIA E COMERCIO DE MOVEIS PARA ESCRITORIO LTDA;D F A MOVEIS;268.967,06
02.811.902/0001-33;JOAO CARLOS ROSA & CIA LTDA;EMPREITEIRA DE MAO DE OBRA MANGRICH LTDA;124.655,07
02.829.339/0001-20;MARCIA TEREZINHA DE LIMA;PINK LOU;110.141,36
02.890.100/0001-66;JAFER CONSTRUTORA E EMPREITEIRA DE MAO DE OBRA LTDA;JAFER CONSTRUTORA E EMPREITEIRA DE MAO DE OBRA;376.700,30
03.018.355/0001-04;SAPUCAI CARNAVAL E EVENTOS TURISMO LTDA.;CARNAVAL URUGUAIANA;1.095.353,14
03.080.551/0001-09;MIX DISTRIBUIDORA LTDA.;MIX DISTRIBUIDORA;373.555,42
03.086.009/0001-55;I.P.L. IND. E COM. DE PREMOLDADOS LTDA;;2.622.162,52
03.102.762/0001-97;ZANELA E FILHOS CONSTRUCOES LTDA;;191.527,42
03.107.603/0001-85;DEIVID RICARDO BASQUERA;MERCEARIA BASQUERA;478.489,78
03.150.915/0001-71;DISTRIBUIDORA DE FRIOS A. R. LTDA;DISTRIBUIDORA DE FRIOS A. R. LTDA ME;502.134,45
03.201.164/0001-75;INTEGRAL REPRESENTACOES LTDA.;;110.919,07
03.204.493/0001-70;ALARMAR COMERCIO E SERVICOS DE SERRALHERIA E PRODUTOS ELETRONICOS LTDA;ALARMAR;221.198,51
03.247.900/0001-26;ROBERTO WIGGERS;DISTRIBUIDORA VITAL;534.726,82
03.249.563/0001-06;SELMA AZEREDO DE OLIVEIRA;SUELIN RESTAURANTE E PIZZARIA;165.091,78
03.311.939/0001-65;COMERCIO E INDUSTRIA BERKEMBROCK LTDA;LIMPEX HIGIENE E LIMPEZA;112.162,79
03.359.805/0001-14;PEDRA PAPEL LTDA;PEDRA PAPEL;815.156,33
03.417.556/0001-76;PRESTIGE ADMINISTRACAO DE SERVICOS LTDA;PRESTIGE;224.595,97
03.467.287/0001-52;HEVERTON FOCHESATO;CONSTRUMIX;150.349,43
03.476.530/0001-07;TRANSPORTES E TURISMO TANDITUR LTDA;TANDITUR;117.048,64
03.567.080/0001-50;RGS INDUSTRIA DE ALBUNS FOTOGRAFICOS LTDA;SO CLICK ALBUNS FOTOGRAFICOS;1.020.978,39
03.611.281/0001-07;MUSA INDUSTRIA E COMERCIO DE CAFE LTDA;;229.630,03
03.774.404/0001-20;MARCEL COMERCIO DE UTILIDADES DOMESTICAS LTDA;MARCEL UTILIDADES DOMESTICAS;367.548,14
03.803.019/0001-64;A S TELECOMUNICACOES LTDA;;270.178,42
03.806.949/0001-71;PC LOCACAO DE MAO DE OBRA LTDA;PAULO CONSTRUCOES LTDA.;332.925,66
03.833.009/0001-71;EMPREITEIRA DE MAO DE OBRA ASSUNCAO LTDA E;;1.184.968,98
03.851.733/0001-28;SANTA CATARINA EMPREENDIMENTOS ESPORTIVOS CULTURAIS;UNISUL ESPORTE CLUBE;2.322.446,84
03.994.659/0001-07;ELIZABETE DO ROCIO DE SOUZA LANCHONETE;R & B RESTACAO DE SERVICOS;414.842,63
04.035.666/0001-36;GRUPO CONCRET LIMPEZA E CONSERVACAO LTDA;;118.254,94
04.088.474/0001-98;RV INDUSTRIA METALURGICA LTDA;RV ENGENHARIA;975.699,02
04.102.022/0001-13;SERRALHERIA TAMAGNO LTDA;ARTE METAL;450.343,11
04.110.984/0001-14;DANIEL DOMINGOS DADAN & CIA LTDA;ACADEMIA DE GINSTICA MASTER;107.016,89
04.197.731/0001-20;POLIESTER INDUSTRIA E COMERCIO LTDA;EXPOBAN;355.348,90
04.229.980/0001-50;ARQUEZA COMERCIO DE AREIA LTDA;ARQUEZA TERRAPLANAGEM;339.819,90
04.260.952/0001-03;APC SERVICOS DE AGRIMENSURA PLANEJAMENTOS PROJETOS E CONSULTORIA LTDA;APC;163.330,49
04.273.007/0001-38;CASA ASSISTENCIAL ABRIGO CRISTAO;CASA ASSISTENCIAL ABRIGO CRISTAO;197.250,39
04.273.177/0001-12;FLEXCOM COMERCIO E REPRESENTACAO LTDA;FLEXCOM;316.319,47
04.341.307/0001-07;COLEGIO BETTA LTDA;CENTRO EDUCACIONAL BOM JESUS;101.342,99
04.342.891/0001-15;VALMA TRANSPORTES LTDA;;1.350.331,80
04.351.335/0001-05;CLAUDIA VALERIA PARODI;RANCHOSS RESTAURANTE E PIZZARIA;129.036,64
04.370.080/0001-28;SILVEIRA EMPREITEIRA DE MAO DE OBRA LTDA;SILVEIRA EMPREITEIRA DE MAO DE OBRA LTDA;504.613,59
04.403.880/0001-06;TRM PROCESSAMENTO DE DADOS LTDA;;199.306,89
04.491.749/0001-30;MANOEL JOSE MACHADO & CIA LTDA;;490.920,66
04.549.370/0001-33;COMERCIO DE PESCADOS NOVA PONTE LTDA;NOVA PONTE PESCADOS;1.153.486,19
04.596.784/0001-13;TRANS FORMIGA IMPORTADORA E EXPORTADORA LTDA;FRIOS FORMIGA;743.228,50
04.602.057/0001-11;COMERCIAL JANAE LTDA;GESSO CEMIM;103.925,60
04.653.773/0001-28;AMD CONSTRUCOES LTDA;ANTONIO MARCOS CONSTRUCOES;222.699,64
04.720.984/0001-36;S.T. EMPREITEIRA DE MAO DE OBRA NA CONSTRUCAO CIVIL LTDA;;675.653,71
04.804.413/0001-80;CESAR TINTAS LTDA;VITORIA TINTAS;1.179.908,85
04.868.771/0001-56;OSVALDO V DE CARVALHO NETO LTDA;MUTUA PRESTADORA DE SERVICOS;2.840.612,12
04.885.248/0001-38;COMERCIO ATACADISTA DE PESCADOS PALHOCENSE LTDA;PESCADOS PALHOCENSE;112.411,59
04.894.052/0001-00;CONCREFORMA EMPREITEIRA DE MAO DE OBRA LTDA.;JR EMPREITEIRA DE MAO DE OBRA;386.882,13
04.915.742/0001-06;FRANCA MATERIAIS DE CONSTRUCAO LTDA;TECHNICAL MATERIAIS DE CONSTRUCAO;1.042.281,19
04.949.568/0001-04;NIEHUES CONGELADOS INDUSTRIA E COMERCIO LTDA;;155.894,33
04.968.481/0001-84;ADRIANO HILLESHEIM;HP ENGENHARIA;776.659,17
05.100.931/0001-85;INCORPORADORA SALVADOR LTDA;INSAL CONSTRUCAO E INCORPORACAO;250.545,52
05.133.793/0001-30;JV TURISMO LTDA;JV TURISMO;453.570,73
05.169.742/0001-69;ANA MARIA ABREU EMBALAGENS LTDA;FLEXPEL PAPEIS E EMBALAGENS;161.806,43
05.193.063/0001-25;ALEXANDRE PESSOA;AGROPECUARIA E MATERIAIS DE CONSTRUCAO PASSA VINTE;305.221,81
05.196.834/0001-38;HORTELA INDUSTRIA E COMERCIO DE CONFECCOES LTDA;HORTELA;862.653,71
05.240.848/0001-01;RITA SCHMITZ;;1.347.054,62
05.312.878/0001-86;FERNANDO DE MATOS ALVES;;301.933,13
05.319.715/0001-25;REDEBENS AUTO LTDA;REDEBENS AUTO;168.115,52
05.323.481/0001-90;REINALDO GORJAO;FERGO ESTOFADOS;349.501,77
05.358.310/0001-04;SANDRO MARCELO SANTANA LTDA;SANDRO CAMINHOES;225.009,08
05.390.832/0001-85;SEBASTIAO FERNANDES SOUZA FILHO;BAR TOMM & TINHO;113.231,23
05.394.769/0002-36;ALFAGLASS FIBRAS LTDA;ALFAGLASS FIBRAS LTDAME;225.926,07
05.435.800/0001-59;IRACILDE BIANCHIN;IB EDUCACAO & LAZER;151.489,16
05.459.494/0001-90;PANIFICADORA E CONFEITARIA EROITA LTDA;PANIFICADORA E CONFEITARIA ARTE E SABOR;116.817,00
05.464.344/0001-75;RAMOS DE OLIVEIRA COMERCIO DE COMBUSTIVEIS E LUBRIFICANTES LTDA;POSTO POINT DA BARRA;151.916,67
05.466.092/0001-13;SIQUEIRA TRANSPORTES E SERRALHERIA LTDA;SIQUEIRA TRANSPORTES E SERRALHERIA;656.196,28
05.482.241/0001-38;CASAS BRASIL ELETRO MOVEIS LTDA;;226.085,43
05.486.869/0001-01;SUL PARA  COMPRA VENDA E INTERMEDIACAO DE VEICULOS LTDA;;155.811,47
05.512.125/0001-14;MEGA COMERCIO DE PECAS E SERVICOS AUTOMOTIVOS EIRELI;;1.097.208,08
05.538.055/0001-73;RESTAURANTE PINHEIRA LTDA;;603.174,46
05.557.564/0001-43;DISTRIBUIDORA E COMERCIO DE GENEROS ALIMENTICIOS HAGEMANN LTDA;FRIOLAT;175.674,67
05.577.056/0001-27;JVC REPRESENTACAO COMERCIAL LTDA;JCV;212.551,77
05.635.601/0001-94;MARCIA LEME GONCALVES DA LUZ & CIA LTDA;CENTRO FARMA;214.143,40
05.655.723/0001-42;ALBINO & ALBINO COMERCIO DE SUCATAS LTDA;SUCATAS SALVADOR;214.320,08
05.682.914/0001-01;ROSA APOIO ADMINISTRATIVO LTDA;ROSA APOIO ADMINISTRATIVO;824.197,60
05.699.165/0001-17;F E F COMERCIO DE MATERIAIS DE CONSTRUCAO LTDA;MATEC COMERCIAL;279.395,66
05.836.722/0001-02;CHURRASCARIA BRANGER LTDA;CHURRASCARIA BRANGER;467.517,31
05.905.549/0001-49;METROMIX ESTRUTURAS E EVENTOSLTDA;METROMIX EVENTOS;1.097.061,22
05.937.374/0001-51;MARTINS INOX INDUSTRIA E COMERCIO LTDA;MARTINS INOX;104.893,75
05.942.872/0001-92;INEO COMERCIAL IMPORTADORA E EXPORTADORA LTDA;;483.060,82
06.001.370/0001-20;BETAVILLE INDUSTRIA E COMERCIO DE PRODUTOS ALIMENTICIOS LTDA;BETAVILLE;415.539,74
06.004.318/0001-27;SELETA INDUSTRIA DE CASAS LTDA;CASAMOVEL;112.969,18
06.009.710/0001-69;VITA CONSTRUTORA S.A;VITA CONSTRUTORA;1.669.416,43
06.022.905/0001-49;CORREA & MORO LTDA;PORTAL DO VIDRO;120.309,40
06.051.290/0001-89;L.M TERCEIRIZACOES LTDA;L.M TERCEIRIZACOES;525.581,83
06.060.780/0001-41;SUPERMERCADO SERV BEM LTDA;SUPERMERCADO SERV BEM;259.479,58
06.086.016/0001-45;COELJ COMERCIAL LTDA;COELJ COMERCIAL;547.616,39
06.089.176/0001-48;GOEDERT EMPREITEIRA DE MAODEOBRA LTDA;GOEDERT EMPREITEIRA;127.766,79
06.105.752/0001-01;PONTOEX PROMOCAO DE VENDAS LTDA;PONTOEX;2.807.546,90
06.107.851/0001-14;M A FUNDACOES LTDA;M A FUNDACOES;337.311,93
06.120.178/0001-52;CENTRO EDUCACIONAL MULLER LTDA;CENTRO EDUCACIONAL MULLER;930.569,42
06.132.804/0001-20;ONCAST SERVICOS TECNOLOGICOS E COMERCIO LTDA;ONCAST SERVICOS TECNOLOGICOS E COMERCIO;303.393,24
06.138.795/0001-85;SUB EMPREITEIRA DE MAO DE OBRA MBJ LTDA;;219.915,84
06.159.315/0001-62;METALMUNDI  INDUSTRIA COMERCIO E SERVICOS DE METAIS LTDA;;428.692,79
06.174.367/0001-08;SEC BOATS BRASIL LTDA.;;2.245.347,22
06.181.977/0001-39;GERSON LUIS SCHUTZ;LANCHONETE & ASSADOS GERSON;146.207,43
06.258.655/0001-40;SUBEMPREITEIRA DE MAO DE OBRA RFA LTDA;;518.967,32
06.317.411/0001-91;NILTON SILVIO SCHUTZ;RESTAURANTE SCHUTZ;534.560,51
06.326.369/0001-75;BRAVOA COMERCIO DE COMBUSTIVEIS LTDA;BRAVOA CENTRO;177.008,10
06.530.962/0001-39;VALDECIR SOARES DOS REIS;MOVEIS SOARES;175.204,95
06.895.475/0001-70;MASTER SPORTS DISTRIBUIDORA DE PRODUTOS ESPORTIVOS LTDA;MASTER SPORTS;449.257,47
06.905.745/0001-86;ESTRELA COMERCIO DE CALCADOS LTDA;IMPERADOR CALCADOS;881.068,11
06.907.672/0001-61;FABIO LUIS ALVES FLORES;FLORYS CONSTRUCOES;2.505.478,66
06.924.882/0001-68;RODRIGO CESAR CASSIO LTDA;COR & COLOR;135.504,01
06.929.147/0001-47;T2 LOGISTICA INTEGRADA LTDA;T2 LOGISTICA INTEGRADA;1.757.918,85
06.943.780/0001-90;CONSERSUL  LIMPEZA SERVICOS E CONSERVACAO LTDA;CONSERSUL  LIMPEZA SERVICOS E CONSERVAO LTDA;785.533,81
06.987.080/0001-05;LOCH & SILVA COMERCIO E INSTALADORA DE MATERIAIS ELETRICOS LTDA;LUMITEC INSTALADORA ELETRICA;228.362,08
07.049.450/0001-18;ARTEKRISTAL COM. E IND. DE CONFECCOES E ETIQUETAS ADESIVAS LTDA;;148.423,01
07.082.476/0001-68;BASE FORTE CONSTRUTORA E INCORPORADORA LTDA;;128.918,26
07.118.070/0001-98;SAYMAR EMPREITEIRA DE MAO DE OBRA LTDA;;1.819.504,92
07.122.828/0001-61;SANTOS COMERCIO DE ALIMENTOS E FRUTOS DO MAR LTDA;SANTOS COMERCIO DE ALIMENTOS E FRUTOS DO MAR;599.083,84
07.123.172/0001-00;ZPAZIO EMPREENDIMENTOS IMOBILIARIOS LTDA;ZPAZIO;717.094,82
07.216.218/0001-27;FELLIPE SR PINTURAS LTDA;FELLIPE PINTURAS;778.531,30
07.281.279/0001-78;IVETE MARIA SCHMIDT;;966.435,66
07.315.463/0001-91;KFR COMERCIO VAREJISTA DE GENEROS ALIMENTICIOS LTDA;SUPERDAQUI MINIMERCADO;184.401,82
07.327.239/0001-10;CECILIA DE CASTRO LEAL;;2.366.537,53
07.360.864/0001-63;CONSTRUCOES E INCORPORACOES J. R. LTDA.;CONSTRUCOES E INCORPORACOES J. R.;177.418,55
07.384.269/0001-68;EMPREENDIMENTOS IMOBILIARIOS AUGUSTUS LTDA.;AUGUSTUS EMPREENDIMENTOS;514.346,09
07.405.535/0001-91;FAZZI COMERCIO DE MATERIAL DE ESCRITORIO LTDA;;359.710,22
07.407.676/0001-43;REGINALDO SCHERRER;;172.029,09
07.445.818/0001-67;JRS TORNEARIA LTDA;JRS  TORNEARIA;576.984,51
07.472.666/0001-91;SUPREMA SERVICOS E DECORACOES LTDA;TOQUE FINAL PINTURAS;112.137,00
07.474.825/0001-97;FRANCISCO EDMILSON DOS SANTOS LTDA;;1.167.879,82
07.512.777/0001-84;RJ EMPREITEIRA DE MAO DE OBRA LTDA;;1.405.245,46
07.515.713/0001-37;CLEIO COSTA JOAO;CJ PINTURAS;183.514,68
07.655.508/0001-77;MAIS JEANS INDUSTRIA E COMERCIO DE CONFECCOES LTDA;MAIS JEANS;164.725,86
07.671.229/0001-05;GREICI BORGES;JP CONSTRUCOES LTDA;748.811,19
07.710.092/0001-42;S.M.J. EMPREITEIRA DE MAO DE OBRA LTDA;;259.162,37
07.735.536/0001-02;VIAN EMPREITEIRA LTDA;VIAN EMPREITEIRA;194.641,28
07.745.264/0001-13;MARIA APARECIDA BERNARDO EIRELI;MARIA BY BRASIL;232.152,91
07.745.437/0001-01;BRUNA DE FRANCISCO DA SILVA;BRUNICK  S CONFECCOES;164.435,60
07.818.711/0001-17;SOUZA SAT TELECOMUNICACOES LTDA;SOUZA SAT;217.216,52
07.819.473/0001-64;POSTO CAMINHO DO MAR LTDA;;563.492,05
07.821.213/0001-23;CARLOS CANELAS REPRESENTACOES COMERCIAIS LTDA.;CARLOS CANELASS REPRESENTAOES COMERCIAIS;479.185,90
07.836.385/0001-70;FH COMERCIO DE BEBIDAS LTDA;FH COMERCIO DE BEBIDAS;110.510,63
07.865.049/0001-56;L & G CONSTRUCAO CIVIL LTDA;L & G CONSTRUCAO CIVIL;187.595,16
07.928.612/0001-98;O.J. DE SOUZA & CIA LTDA;OILSON PUBLICIDADE E GRAFICA;166.877,07
07.958.185/0001-90;DEMISILVA PINTURAS LTDA;DEMISILVA PINTURAS;157.615,78
08.002.806/0001-20;CONSTRUTORA TS LTDA;;611.543,21
08.008.253/0001-13;JEOSAN TEMPEROS LTDA;ALIMENTOS OLLIVA;103.684,68
08.012.350/0001-80;LINUS GUINCHOS E TRANSPORTES LTDA;;102.106,45
08.086.320/0001-18;IDEAL QUIMICA DO BRASIL LTDA;IDEAL QUIMICA DO BRASIL;120.569,76
08.093.756/0001-34;IBEL  INDUSTRIA BRASILEIRA DE EMBALAGENS LTDA.;;218.223,62
08.198.584/0001-63;SC  SEG COMERCIO DE EQUIPAMENTOS DE SEGURANCA LTDA;SC  SEG  SEGURANCA;130.233,89
08.285.684/0001-27;MARCOS VINYCIUS ELIAS;TOP DAS DIVISORIAS E ACABAMENTOS;117.243,29
08.342.195/0001-60;VANIRA CHAVES;CHAVES DO SABOR;170.396,58
08.397.575/0001-00;CAM EMPREITEIRA DE MAO DE OBRA LTDA;;170.896,71
08.505.204/0001-96;I A P CONSTRUTORA E INCORPORADORA LTDA;;156.885,31
08.510.274/0001-32;RADAR COMERCIO DE COMBUSTIVEIS LTDA;;364.274,46
08.594.751/0001-95;SCHERRER & MARAN  INDUSTRIA E COMERCIO DE ALIMENTOS LTDA;LUTZ & MARAN;161.052,80
08.664.981/0001-83;SILVA E SOUSA INDUSTRIA E COMERCIO DE MOVEIS LTDA;;178.067,15
08.796.879/0001-31;AGIL SERVICOS DE INTERMEDIACAO DE NEGOCIOS LTDA;;2.206.137,58
08.818.513/0001-16;SINAP COMERCIO E SERVICOS DE SINALIZACOES LTDA;;207.022,72
08.848.934/0001-90;SUPERDAQUI MINI MERCADO LTDA;;163.466,36
08.850.027/0001-85;KA IMPORT COMERCIO EXTERIOR LTDA;KA IMPORT COMERCIO EXTERIOR;185.955,34
08.882.486/0001-40;TRANSEMILIO TRANSPORTES E LOCACAO DE VEICULOS LTDA;TRANSEMILIO;1.217.543,97
08.925.210/0001-00;OJ SILVA EMPREITEIRA DE MAO DE OBRA LTDA;STYLOS CONSTRUCOES;2.740.807,36
08.934.447/0001-40;DIVINA COMERCIO DE JOIAS LTDA;DIVINA JOIAS E ACESSORIOS;161.361,02
08.936.876/0001-56;PROMOTION COMERCIO E SERVICO DE ENGENHARIA SA;PROMOTION ENGENHARIA;1.256.840,21
08.942.985/0001-86;PAULO ROBERTO MACEDO JUNIOR & CIA LTDA;JD EMPREITEIRA DE MAO DE OBRA;155.025,59
08.959.460/0001-53;SO DIESEL TRANSPORTES LTDA;;916.645,44
09.012.445/0001-66;E I T EMPREITEIRA DE MAO DE OBRA LTDA;;338.043,33
09.020.269/0001-04;ECOMADE PALLETS LTDA;ECOMADE;253.680,70
09.064.704/0001-00;BRUNA PEREIRA CAFE;PONTO DE ENCONTRO BAR E CAFE;165.658,67
09.069.208/0001-31;SUL CONEXION EXPRESS CARGAS LTDA;SUL CONEXION EXPRESS;455.366,85
09.128.710/0001-76;MARIA INEZ DOS SANTOS SUPERMERCADO;SUPERMERCADO EMBAU;270.539,48
09.130.876/0001-27;WESCLEY DOS SANTOS;IMPERIAL MOVEIS SOB MEDIDA;148.039,71
09.287.663/0001-03;BARBARA RAQUEL ROSA VIEIRA LTDA;BARBARA RAQUEL ROSA VIEIRA;161.002,23
09.294.953/0001-84;PLOTSUL COMUNICACAO VISUAL LTDA;PLOTSUL;194.114,24
09.301.460/0001-24;VIVAN TRANSP&LOG LTDA;VIVAN TRANSP&LOG;250.502,87
09.342.091/0001-18;CONCORDIA EMPREITEIRA DE MAO DE OBRA LTDA;CONCORDIA EMPREITEIRA;1.920.328,54
09.377.374/0001-03;ALM CONSTRUTORA LTDA;;519.727,52
09.435.269/0001-75;LEANDRO RIBEIRO CEZIMBRA;G7 ASSESSORIA E CONSULTORIA;335.939,40
09.436.711/0001-88;MATOS CONSTRUCOES E INCORPORACOES LTDA;;280.787,96
09.446.117/0001-78;ICE QUEEN INDUSTRIA E COMERCIO DE ALIMENTOS LTDA;ICE QUENN;2.272.505,26
09.458.641/0001-69;VALDIR BORTOLOSO;WB TRANSPORTES;678.742,07
09.463.566/0001-24;IMPACTO COMPACTO TELECOM SERVICOS DE TELECOMUNICACOES LTDA;IMPACTO COMPACTO TELECOM;213.626,82
09.468.805/0001-39;SADI DARIO DOS SANTOS;SANAR SISTEMAS DE AR CONDICIONADO E REFRIGERACAO;118.564,67
09.515.547/0001-02;MARCIA APARECIDA MARTINS;EMPREITEIRA NOSSA SRA. APARECIDA;327.886,19
09.519.231/0001-80;WAC IMPORTACAO E EXPORTACAO LTDA;WAC;114.338,12
09.530.412/0001-08;M. A. PINTURAS LTDA;M. A. PINTURAS;118.721,12
09.551.895/0001-27;ODILIO DA SILVA FILHO;NAUTI SUL MARCENARIA E MODELAGEM NAVAL;461.295,81
09.557.053/0001-82;TASMA AUTOMACAO INDUSTRIAL LTDA;;290.440,29
09.571.006/0001-93;MIGUEL E PIERRI EMPREITEIRA DE MAO DE OBRA LTDA;MULLER EMPREITEIRA DE MAO DE OBRA;213.646,16
09.610.134/0001-07;ARCFOODS COMERCIO DE ALIMENTOS LTDA;;2.696.374,65
09.640.956/0001-22;NSK INDUSTRIA E COMERCIO LTDA;NSK;698.825,06
10.014.599/0001-76;GM INDUSTRIA E COMERCIO DE VIDROS LTDA;ORIZON VIDROS;2.331.090,31
10.194.452/0001-05;NUCCI LOCACAO DE VEICULOS E TRANSPORTE LTDA;;626.948,21
10.208.539/0001-94;DM CONSTRUCOES LTDA;DM CONSTRUCOES;618.792,31
10.225.116/0001-82;CASTRO E CASTRO INSTALACAO LTDA;RC INSTALADORA;509.982,76
10.266.116/0001-20;ARTSIGNS IMPRESSAO DIGITAL LTDA;ARTSIGNS;121.098,73
10.266.710/0001-11;CONTI LOGISTICA LTDA;CONTI LOGISTICA;525.582,52
10.267.400/0001-11;INIPLAST INDUSTRIA E COMERCIO DE EMBALAGENS LTDA;INIPLAST;585.905,46
10.320.132/0001-54;PALOMA INCHOTRE;G J SERRRALHERIA;152.927,88
10.343.004/0001-26;UNIBIND DO BRASIL ENCARDENACOES E PARTICIPACOES LTDA;UNIBIND DO BRASIL;100.385,60
10.396.279/0001-28;GOLLA POLLO COMERCIO E INDUSTRIA DE CONFECCOES LTDA;GOLLA POLLO;719.037,40
10.432.097/0001-65;REACAO APOIO LABORATORIAL SA.;;109.356,84
10.456.856/0001-20;NICOLI DA SILVA & CIA LTDA;;151.730,48
10.486.760/0001-04;GOLB  BRASIL EMPREEDIMENTOS NA INTERNET LTDA;OYSTER LINE BRASIL;220.031,65
10.511.853/0001-41;CASA AMARELA MATERIAIS DE CONSTRUCAO & TERRAPLENAGEM LTDA;CASA AMARELA;119.457,48
10.559.323/0001-73;MALICHESKI & ZABOT INDUSTRIA DE CONFECCOES LTDA;SOMEDAY;173.842,18
10.584.255/0001-00;ANTONIO DA SILVA FERREIRA LTDA;ATUAL DISTRIBUIDORA;275.714,85
10.643.080/0001-57;P.M DESIGN COMERCIO DE MOVEIS E OBJETOS DE DECORACAO LTDA;CEDRO MOVEIS;119.630,08
10.681.418/0002-46;SOUZA & PASSOS CONFEITARIA LTDA;CIA DAS TORTAS E CONFEITARIA;111.513,16
10.720.136/0001-20;A A CONFIANCA SERVICOS DE DESENTUPIDORA E DEDETIZADORA LTDA;A.A CONFIANCA;137.202,74
10.730.783/0001-12;RWR MADEIRAS LTDA;MADEIREIRA PALHOCA;152.909,53
10.733.347/0001-05;PANIFICADORA UNIAO LTDA;PANIFICADORA UNIAO;164.733,87
10.750.540/0001-46;DELFO CONSTRUCOES E INCORPORACOES LTDA;ARTE CONSTRUCOES;994.535,23
10.810.587/0001-58;JUNIOR BATTISTI REPARACAO AUTOMOTIVA;BATTISCAR REPARADORA AUTOMOTIVA;144.741,05
10.816.770/0001-60;ANDRE DO NASCIMENTO;NOVA TECNOLOGIA PINTURAS;463.397,16
10.919.469/0001-82;ADELIN IMPORTADORA E EXPORTADORA LTDA;ADELIN IMPORT;199.272,93
10.940.607/0001-05;IFC ENGENHARIA  EIRELI;IFC ENGENHARIA;895.650,85
10.993.408/0001-65;LS ZANELA CONSTRUCOES E TRANSPORTES LTDA;ARTE CONSTRUCOES;320.569,80
11.030.413/0001-35;BOOMERANG TECNOLOGIA LTDA;BOOMERANG DOC SOLUTIONS.;418.858,49
11.033.825/0001-29;VARM COMERCIO LTDA;;1.131.687,23
11.073.245/0001-65;IEIAIEL COMERCIO DE ACESSORIOS DO VESTUARIO LTDA;CAHECEL;349.409,40
11.123.052/0001-71;FAVERO CONSTRUCAO E INCORPORACAO LTDA;ENGECASA CONSTRUCAO E INCORPORACAO;384.693,80
11.163.412/0001-69;PREDILAR EMPREITEIRA DE MAO DE OBRA LTDA;PREDILAR EMPREITEIRA DE MAO DE OBRA;2.453.356,45
11.166.258/0001-89;DRYTEC MAO DE OBRA E COMERCIO DE MATERIAIS DE CONSTRUCAO LTDA;;111.696,84
11.215.816/0001-59;PATRICIA LEHMKUHL;PANIFICADORA LEHMKUHL;199.998,09
11.217.710/0001-94;VICCINO APOIO ADMINISTRATIVO LTDA;;1.701.408,99
11.222.512/0001-19;COLEGIO KERIGMA LTDA;COLEGIO KERIGMA;246.458,85
11.283.761/0001-14;METAL SUL INDUSTRIA METALURGICA EIRELI;METAL SUL SO INOX;252.977,17
11.296.524/0001-98;AGUINALDO OSMAR ROSA;ESTACAO DA 25 DE MARCO;158.325,02
11.349.091/0001-91;ANTUNES EMPREITEIRA DE MAO DE OBRA LTDA;ANTUNES EMPREITEIRA DE MAO DE OBRA;190.715,79
11.354.064/0001-07;LEANDRO IMOVEIS LTDA;LEANDRO IMOVEIS;511.852,65
11.386.274/0001-87;LCA CONSTRUTORA E INCORPORADORA LTDA;LCA CONSTRUTORA E INCORPORADORA;206.001,71
11.440.374/0001-44;KIM & KELLER INCORPORACAO LTDA;KONKRETA CONSTRUTORA E INCORPORADORA;235.086,31
11.462.418/0001-37;RONALDO PAES;BICO DE PAO FAST FOOD;100.455,75
11.515.914/0001-01;ALMIR DE MATOS;MDJ EMPREITEIRA DE MAO DE OBRA;935.134,52
11.547.367/0001-46;RAFAEL PAGANI LUZ;INOVE MULTIMARCAS;129.477,35
11.561.564/0001-10;PPS EMPREENDIMENTOS IMOBILIARIOS LTDA;CONSTRUTORA AVENIDA;101.292,95
11.697.493/0001-87;T. W. LIMP BRILHO LTDA;LIMP BRILHO;115.480,44
11.802.216/0001-97;RESTAURANTE E CHURRASCARIA BR LTDA;RESTAURANTE BR;327.275,26
11.826.702/0001-45;WANDERLEI MACHADO DETONACOES;WM SERVICOS DE DETONACAO;623.755,28
11.879.427/0001-28;EVANDRO DE LIMA TOME;LIMA REFORMAS;184.899,83
11.888.736/0001-64;DH CONSTRUCOES LTDA;DESTAK CONSTRUCOES;741.574,25
11.909.847/0001-00;SHALOM II FABRICACAO E COMERCIO DE ALIMENTOS LTDA;SHALOM II;1.198.768,00
11.967.535/0001-52;SC SEG SERVICOS ESPECIALIZADOS LTDA;SC SEG SERVICOS ESPECIALIZADOS;1.041.172,87
12.034.902/0001-28;MARIANA PAN;;101.341,46
12.071.583/0001-20;PLANALTO  EMPREITEIRA DE MAO DE OBRA LTDA;PLANALTO  EMPREITEIRA DE MAO DE OBRA;188.780,24
12.071.969/0001-32;ADRIANA BOURDOT;ADILSON OFICINA;235.406,10
12.210.278/0001-72;JUNIOR OTAVIO MARTINS;MR CHINESE FAST FOOD;434.963,92
12.225.583/0001-38;ALEXANDRE AZAMBUJA HESSEL;ACADEMIA BIOFITT;210.038,51
12.329.823/0001-44;MARCIA DELCY FORTUNATO DE MACEDO LTDA;DECORINOX;405.162,17
12.365.305/0001-86;ROMA TRANSPORTE DE CARGAS LTDA;;157.911,60
12.390.932/0001-77;IVANDRO KLAUBERG;KLAUBERG CONSTRUTORA E EMPREITEIRA;588.894,06
12.435.955/0001-50;APHR CONSTRUTORA E INCORPORADORA LTDA;PHS CONSTRUTORA E INCORPORADORA;251.057,38
12.443.367/0001-69;GRAND COMERCE LTDA;GRAND COMMERCE;2.341.561,52
12.460.492/0001-87;SHR SERVICOS ADMINISTRATIVOS LTDA;;244.428,66
12.560.834/0001-30;TNH PRESTADORA DE SERVICOS NA CONSTRUCAO CIVIL LTDA;TNH PRESTADORA DE SERVICOS;229.162,13
12.572.183/0001-07;S. VIEIRA DISTRIBUIDORA DE ARTIGOS PARA PESCA;MASTER SPORTS;205.019,28
12.610.961/0001-05;ATLANTICO SUL ESQUADRIAS EM UPVC LTDA;ESQUADRIAS EM UPVC ATLANTICO SUL;127.466,75
12.640.197/0001-02;DESTRA PRESTADORA DE SERVICOS LTDA;GRUPO DESTRA;326.484,31
12.641.097/0001-09;LBM INDUSTRIA E COMERCIO DE CONFECCOES LTDA;;476.277,95
12.646.589/0001-89;CARLOS ALBERTO SALINAS;EFFETIVA NEGOCIOS;215.103,09
12.678.360/0001-26;CSA REPRESENTACOES COMERCIAIS LTDA;;158.083,92
12.699.177/0001-07;DIOGO MACIEL JUNCKES;JUNCKES MARKETING ME;119.723,24
12.766.585/0001-34;VANILDO GOMES DE OLIVEIRA;EMPREITEIRA OLIVEIRA;427.379,40
12.862.723/0001-89;JAIR OLAVIO DA SILVA;COELHO EMPREITEIRA;597.387,47
12.898.077/0001-00;C&M CONSTRUCOES LTDA;ALFA CONSTRUCOES;1.498.119,74
13.074.595/0001-71;SBJ CONSTRUCOES LTDA;SB CONSTRUCOES E SERVICOS;227.825,07
13.094.064/0001-40;MENDES & MENDES AUTO MECANICA LTDA;CENTRO DE MANUTENCAO AUTOMOTIVA MENDES;134.303,57
13.192.824/0001-52;ALVORADA NATURAL DISTRIBUIDORA LTDA;ALVORADA NATURAL;179.038,75
13.268.771/0001-06;MAYARA KAREN FONSECA FERREIRA CASA MAR;CASA MAR;226.073,88
13.293.788/0001-13;PARCERIA EMPREITEIRA DE MAO DE OBRA LTDA;PARCERIA EMPREITEIRA DE MAO DE OBRA;342.798,86
13.331.564/0001-59;GT FERRAGENS SUPLEMENTOS E REPRESENTACOES PARA MOVEIS LTDA;GT FERRAGENS;445.263,06
13.386.355/0001-02;ANC CONSULTORIA EM ENGENHARIA LTDA;ANC ENGENHARIA;322.587,53
13.411.652/0001-60;GLOBAL SCOUT HOLDINGS GESTAO EMPRESARIAL LTDA;;161.439,68
13.490.682/0001-00;FRUTICOLA MADRI LTDA;FRUTICOLA MADRI;149.466,23
13.508.784/0001-05;F.A ESTUDIO DE ARQUITETURA LTDA;F.A ESTUDIO DE ARQUITETURA;309.175,33
13.571.884/0001-86;PRISMA FABRICACAO DE ARTEFATOS DE CONCRETO LTDA;PRISMA PRE MOLDADOS;145.851,88
13.713.568/0001-00;GONCALVES & BERALDO SERVICOS ESPECIALIZADOS LTDA;PERSONNALITE SERVICOS;844.773,16
13.766.874/0001-04;PARISOTO INDUSTRIA E COMERCIO DE PRE MOLDADOS EIRELI;PARISOTO PREMOLDADOS;105.994,30
13.817.801/0001-96;DYEINY DO NASCIMENTO;METAL GLASS;180.100,23
13.935.082/0001-08;M3 IMOVEIS E NEGOCIOS LTDA;M3 IMOVEIS E NEGOCIOS;189.007,01
13.942.277/0001-85;DANIELA DE JESUS;DJ COMERCIO E SERVIOS DE PIPOCA;116.585,67
14.048.902/0001-02;NSA  COMERCIO DE COLCHOES LTDA;REQUINTE STORE;171.384,82
14.071.565/0001-74;DAYANA DE MATOS;MDJ EMPREITEIRA;1.082.774,38
14.081.119/0001-40;TIVOS CONSTRUCAO CIVIL E ALUGUEL DE EQUIPAMENTOS LTDA;TIVOS LTDA;132.524,96
14.097.669/0001-58;ELETROMAIER REDES ELETRICAS LTDA;ELETROMAIER;119.420,73
14.105.806/0001-59;LUCAS DE FREITAS FEIL;;489.955,01
14.280.075/0001-88;BRUNO RUTKOSKY PEREIRA;VIVRE AMBIENTES PLANEJADOS;248.087,60
14.304.472/0001-42;HAZAS CONSTRUCOES LTDA;HAZAS CONSTRUCOES;953.176,90
14.317.881/0001-83;RONALDO SCHERER;TABULEIRO SUPERMERCADO;1.835.495,68
14.420.165/0001-27;DANIEL COLEMBERGUE SILVEIRA LTDA;UNIKO EMPREENDIMENTOS;135.959,42
14.445.818/0001-22;AIL EMPREITEIRA E SERVICOS DE ACABAMENTOS NA CONSTRUCAO CIVIL LTDA;AIL EMPREITEIRA DE MAO DE OBRA;264.209,22
14.475.451/0001-90;MHC COMERCIO E INSTALACAO DE EQUIPAMENTOS DE SEGURANCA LTDA;MHC SOLUCOES INTELIGENTES;135.267,83
14.509.799/0001-50;FABIANO MIGUEL;MULLER CONSTRUCOES;1.210.912,45
14.588.463/0001-20;HASPC EMPREITEIRA DE MAO DE OBRA LTDA;HASPC EMPREITEIRA DE MAO DE OBRA;170.791,94
14.590.917/0001-06;FLORIPA GRAOS COMERCIO DE ALIMENTOS LTDA;;405.005,27
14.602.011/0001-56;METALURGICA MC LTDA;METALURGICA MC;2.777.086,04
14.611.092/0001-50;ANDREIA MIGUEL;PANIFICADORA E CONFEITARIA NONOPAN;107.454,31
14.631.817/0001-72;LUIZ MANUTENCAO EM EQUIPAMENTOS LTDA;;201.200,92
14.646.445/0001-58;SINDICATO DOS EMPREGADOS NO COM. DE PALHOCA E REGIAO;SINDICATO DOS EMPREGADOS NO COM. DE PALHOCA E REGIAO;873.286,44
14.669.746/0001-05;PATRICK DE VARGAS;RESTAURANTE VARGAS;155.607,21
14.683.052/0001-14;KLEBER DESTRI;JAGUAR COMERCIO DE INSTRUMENTOS MUSICAIS;678.412,15
14.724.503/0001-14;WT CONSTRUCOES LTDA;WT CONSTRUCOES;164.491,85
14.744.878/0001-46;EMPREITEIRA DE MAO DE OBRA E INSTALADORA AJB LTDA;AJB EMPREITEIRA DE MAO DE OBRA;102.768,04
14.750.703/0001-41;EPG TRADE SOLUCOES EM COMERCIO EXTERIOR LTDA;EPG TRADE SOLUCOES EM COMERCIO EXTERIOR EIRELI;786.904,57
14.953.069/0001-44;DELALANDE INDUSTRIA E COMERCIO DE ALIMENTOS LTDA;MASSAS DUARTE;103.838,40
15.033.433/0001-10;ANFITRIAN SEGURANCA PRIVADA LTDA;ANFITRIAN SEGURANCA PRIVADA;927.507,70
15.124.758/0001-09;ROBSON R. CARGNIN;RC FABRICA DE PISCINAS;279.824,26
15.211.382/0001-70;JV SERVICOS AUTOMOTIVOS LTDA;;281.801,32
15.267.146/0001-75;CLARINDA COSTA;GIROS ESTOFADOS;193.374,85
15.271.953/0001-61;DAYS DE SOUZA;CLINICA FUTTURA;104.991,36
15.296.010/0001-93;HDA CONSTRUTORA E INCORPORADORA LTDA;HDA CONSTRUTORA E INCORPORADORA;325.984,86
15.312.829/0001-05;SOLYVAN DENONI;MOVEIS DENONI;687.162,48
15.333.783/0001-00;MSC CONTRUCOES LTDA;MSC CONSTRUCOES;848.383,59
15.385.112/0001-85;SUPER CATARINA COMERCIO DE VIDROS LTDA;SUPER CATARINA COMERCIO DE VIDROS;199.529,22
15.508.323/0001-68;RAFAEL COELHO;BEPLAN MOVEIS PLANEJADOS;287.071,95
15.523.636/0001-95;PREMIER SEGURANCA INTELIGENTE LTDA;PREMIER SEGURANCA INTELIGENTE;519.003,85
15.531.132/0001-17;THIAGO DOS SANTOS WAGNER;PRIMESEG SEGURANCA;145.650,01
15.580.950/0001-00;CRISLOG TRANSPORTES RODOVIARIOS LTDA;CRISLOG DISTRIBUIDORA;740.721,00
15.584.151/0001-01;RC COMERCIO DE COLCHOES LTDA;COLCHOES ORTOBOM;107.963,07
15.653.304/0001-25;TOMAZONI MOBILI COMERCIO DE MOVEIS LTDA;TOMAZONI MOBILI AMBIENTES PLANEJADOS;639.057,02
15.679.077/0001-07;ADRIANO STEINBACH;RACOES E FERRAGENS STEINBACH;169.340,84
15.733.854/0001-54;ALVONIR WEBER;JN EMPREETEIRA DE MAO DE OBRA;907.163,77
15.795.786/0001-58;GABRIEL PANIFICADORA E CONFEITARIA LTDA;FONSEPAN PANIFICADORA E CONFEITARIA;107.432,86
15.873.994/0001-28;PEROLA DA PEDRA EMPREENDIMENTO IMOBILIARIO SPE SA;CONDOMINIO RESIDENCIAL E COMERCIAL PEROLA DA PEDRA;129.617,48
16.422.948/0001-75;BIZORRO  MONTAGEM DE FERRAGENS PARA CONSTRUCAO CIVIL LTDA;BIZORRO CONSTRUCOES;1.108.274,20
16.553.178/0001-08;FEGAS  INDUSTRIA COMERCIO E SERVICOS DE EQUIPAMENTOS DE GAS LTDA;FEGAS;453.723,22
16.561.288/0001-03;JULIO CEZAR BERTO VERANI LTDA;FABBRICA INDUSTRIA E COMERCIO;176.948,11
16.632.899/0001-03;MONTANHA MUSIC COMERCIO DE INSTRUMENTOS MUSICAIS EIRELI;MONTANHA MUSIC;148.993,04
16.634.318/0001-64;FARMACIA INTERFARMA LTDA;INTERFARMA;104.497,31
16.677.803/0001-15;BMR CONDICIONADORES DE AR LTDA;JC REPRESENTACOES;1.048.861,22
16.751.400/0001-79;SANDRA APARECIDA DE OLIVEIRA;VELOX MOTOBOY;210.552,88
16.764.190/0001-53;MIYAGI RESTAURANTE LTDA;MARIA MARE RESTAURANTE;186.696,43
16.798.034/0001-03;PADARIA E CONFEITARIA BERTO LTDA;PANIFICADORA E CONFEITARIA CASA GRANDE;186.234,50
16.807.013/0001-07;ALBINO RECICLAGEM LTDA;SULPLAST COMERCIO DE RECICLAGEM;205.592,57
16.877.026/0001-52;JOAO HENRIQUE BUZZI;JHB EMPREITEIRA DE MAO DE OBRA;1.227.024,40
16.925.108/0001-25;EMPREITEIRA DE MAO DE OBRA MARIA ANTONIA EIRELI;EMPREITEIRA DE MAO DE OBRA MARIA ANTONIA;326.680,19
17.091.058/0001-90;CLAUDIA DE CARVALHO;TORAS RESTAURANTE E PIZZARIA;1.190.085,68
17.106.875/0001-75;CONSTRUTORA E URBANIZADORA PRIMO LTDA;EMPREITEIRA PRIMO;168.612,53
17.106.891/0001-68;G CONSTRUCOES LTDA;G CONSTRUCOES LTDA;716.528,56
17.214.772/0001-29;CENTRAL INDUSTRIA DE PREFABRICADOS DE CONCRETO LTDA.;CENTRAL PREMOLDADOS;643.445,75
17.220.677/0001-38;ANA FRANCIELE DE ANDRADE;MERCADO SAO MIGUEL;102.462,85
17.299.253/0001-00;DESAFIO GESSO COMERCIO E PRESTACAO DE SERVICOS LTDA;DESAFIO GESSO;187.829,53
17.405.439/0001-05;DWE METALURGIA LTDA;UNIAO CALHAS;106.639,17
17.441.137/0001-84;TOP EMPREITEIRA DE OBRA NA CONSTRUCAO CIVIL LTDA;TOP EMPREITEIRA;623.541,93
17.565.778/0001-40;MCT REPRESENTACOES COMERCIAIS LTDA;MCT REPRESENTACOES COMERCIAIS;103.511,80
17.671.358/0001-49;UGIONI KLOPPEL PET SHOP E CLINICA VETERINARIA LTDA;PET STOP;113.927,67
17.847.150/0001-38;SONIA TERESINHA MORAES;AST EMPREITEIRA MAO DE OBRA;144.816,68
17.910.459/0001-25;ADRIANO ALTINO MARTINS;FRANCINY CONSTRUTORA;119.750,64
17.919.244/0001-75;DESIRRE INSTALADORA DE GNV LTDA;HIPERGAS;402.096,49
17.959.085/0001-32;SIMONE SOUSA KRUG CONSTRUCOES;A & S EMPREITEIRA DE MAO DE OBRA;1.000.734,55
17.991.361/0001-40;LANCHES ALBERNAZ LTDA;ALBERNAZ LANCHES;109.926,18
18.020.298/0001-67;MANOEL ADELINO CANDIDO;SOLAR CONSTRUCOES;251.733,39
18.020.663/0001-33;GERLACH CONSTRUTORA E ASSESSORIA IMOBILIARIA LTDA;GERLACH CONSTRUTORA;199.514,89
18.039.452/0001-42;JEFFERSON SOUZA;J & M CAR RENOVACAO AUTOMOTIVA;112.468,29
18.203.801/0001-10;B2C COMERCIAL LTDA;B2C;159.432,07
18.279.648/0001-04;WILLIAM WALTER BUENO;SOLUM EMPREENDIMENTOS;106.140,58
18.356.160/0001-33;GIL COTTA JUNIOR LTDA;AGIL TELECOM;652.910,02
18.531.635/0001-80;ADM INTERNET LTDA;INFORMAC  INTERNET BANDA LARGA;160.100,49
18.558.382/0001-39;DIVINA FLOR CENTRO DIA E RESIDENCIAL GERIATRICO LTDA;;150.865,66
18.558.533/0001-59;UNIQUE CONSTRUCOES LTDA;KONCRETIZE CONSTRUTORA;157.493,12
18.562.542/0001-13;INOVAR EMPREITEIRA DE MAO DE OBRA E TERRAPLANAGEM LTDA;INOVAR MAO DE OBRA;1.217.502,89
18.571.250/0001-47;GREDEL ENGENHARIA E CONSTRUCOES LTDA;GREDEL CONSTRUCOES;554.652,26
18.645.402/0001-09;SMWK  CONSTRUTORA LTDA;SMWK CONSTRUTORA;329.936,94
18.718.893/0001-70;LIFFEY CERVEJARIA LTDA;LIFFEY CERVEJARIA;459.810,86
18.896.221/0001-55;PMO ALLIANCE GESTAO DE PROJETOS LTDA;;147.716,08
18.969.788/0001-04;TEM ACORIANA RESTAURANTE LTDA;CASA ACORIANA;177.615,44
19.064.214/0001-50;INDUSTRIA DE LATICINIOS VASCONCELLOS LTDA;;190.530,35
19.066.524/0001-03;CARLOS ALBERTO SOUSA RAMOS;CONEXAO TRANSPORTES;427.418,65
19.236.544/0001-85;CORREA ALVES REPRESENTACOES LTDA;CORREA ALVES REPRESENTACOES EIRELI;550.626,82
19.316.313/0001-81;SVG FOOD LTDA;;1.842.552,82
19.339.436/0001-38;FORFITNESSSC MANUTENCAO E REPARACAO DE MAQUINAS LTDA;FORFITNESSSC.NETVENDA.COM.BR;143.981,20
19.378.079/0001-17;SUA MARCENARIA FABRICACAO E COMERCIO DE ARTIGOS DE VIDRO E METAL LIMITADA;SUAMARCENARIA PORTAS VIDROS E ACESSORIOS;583.239,68
19.391.155/0001-24;NUTRIHEALTH SUPLEMENTOS ALIMENTARES LTDA;NUTRIHEALTH;277.068,03
19.515.397/0001-82;FD SOLUCOES EM LIMPEZA LTDA;JANPRO DO BRASIL;444.837,30
19.534.626/0001-06;ELESA INSTALACOES ELETRICAS LTDA;;131.232,19
19.534.710/0001-20;ND CLIMATIZACAO LTDA;ND CLIMATIZACAO;127.529,21
19.834.432/0001-26;NATHALIA SPULDARO ARAUJO;VANZEN OPTICAL GROUP;161.741,45
19.939.011/0001-60;AWB LOGISTICA E TRANSPORTES LTDA;AWB MULTISETORIAL;396.917,26
19.954.549/0001-43;LIDER TREINAMENTOS E ASSESSORIA LTDA;;2.691.437,79
20.094.978/0001-77;CONCEITO UNIFORMES EMPRESARIAIS LTDA;CONCEITO UNIFORMES EMPRESARIAIS;135.581,99
20.095.723/0001-29;LILO E LILO REPRESENTACOES LTDA;LILO E LILO REPRESENTACOES;304.901,85
20.132.097/0001-01;MARIA CIRLEI DA VEIGA;JC COMERCIO;122.088,83
20.191.712/0001-42;BISPO APOIO ADMINISTRATIVO LTDA;JAQUELINE CALCADOS SUFR SPORT;352.333,67
20.291.204/0001-36;ZINCA JAHN SERVICOS DE REVESTIMENTO EM METAIS LTDA;ZINCA JAHN;252.395,65
20.345.298/0001-89;RT COMERCIO E SERVICOS LTDA;GRUPO RAFTI;1.496.077,53
20.361.787/0001-24;HARPIA FOODS DISTRIBUIDORA LTDA;HARPIA FOODS;161.982,64
20.364.772/0001-10;DRAW BOX LTDA;DRAW BOX;1.539.904,78
20.366.446/0001-41;STANDER COBRANCAS LTDA;;382.963,34
20.597.108/0001-10;J & J MARTINS EMPREITEIRA DE MAO DE OBRA EM CONSTRUCAO CIVIL LTDA;J J MARTINS EMPREITEIRA;119.483,97
20.635.893/0001-59;20.635.893 LTDA;CONSTRUSOUS;373.496,15
20.711.707/0001-13;ESPACO  DO PAO GOURMERT EIRELI;ATELIE DO PAO;365.850,08
20.729.335/0001-52;LABORATOIRES PHYTO TECHNIQUE BRASIL INDUSTRIA E COMERCIO DE COSMETICOS LTDA;LABPHYTO BRASIL;335.636,34
20.785.072/0001-07;ANA CECILIA CONFECCOES LTDA;ANA CECILIA CONFECCOES LTDA;975.574,65
20.829.148/0001-40;VANDERLEI PINTURA LTDA;VANDERLEI PINTURA;428.442,27
20.991.987/0001-60;CARELYNE GUIBES;DUB SOLUCOES;106.247,07
21.065.011/0001-20;KETERLY KAZUMI NAKAYAMA;MR. JOHN RESTAURANTE;317.047,84
21.086.674/0001-20;JHONATAN EMPREITEIRA DE MAO DE OBRA LTDA;;1.166.071,70
21.119.925/0001-26;PRYME SERVICOS ELETRICOS LTDA;PRYME SERVICOS ELETRICOS;136.151,58
21.133.315/0001-87;PH COMERCIO DE ALIMENTOS EIRELI;;171.761,88
21.148.068/0001-92;PIZZARIA.COM PIZZAS E PASTEIS LTDA;;431.228,69
21.180.524/0001-81;BRUNO ZEFERINO CORREIA;MINI MERCADO CENTRAL;114.044,32
21.247.827/0001-74;WM INDUSTRIA E COMERCIO DE PRODUTOS DE LIMPEZA LTDA;LIMP BRILHO;199.956,61
21.270.266/0001-24;MERCADO WEBER LTDA;MERCADO WEBER;122.236,00
21.288.891/0001-01;CRISTINA MARIA DA SILVEIRA;VO HORACIO PAES & BOLOS;113.324,45
21.457.458/0001-44;MECANICA PREX LTDA;MECANICA PREX;603.550,85
21.497.644/0001-07;IMPLANTCAST SUL COMERCIO DE PRODUTOS CORRELATOS A SAUDE LTDA;ICSUL;1.156.346,66
21.592.950/0001-22;STAC TRANSPORTADORA DE REVISTAS E JORNAIS LTDA;;771.112,30
21.691.101/0001-26;VITA SUPRA COMERCIO ATACADISTA DE BEBIDAS LTDA;VITASUPRA;210.239,80
21.795.493/0001-73;SOARES CENTRO EDUCACIONAL LTDA;CENTRO EDUCACIONAL INFANTIL CONSTRUINDO O SABER;148.415,28
21.912.865/0001-02;ELO BRASIL COBRANCAS LTDA;ELO;1.477.067,35
21.934.057/0001-38;J. T . KRETZER COMERCIAL LTDA;KRETZER BEBIDAS & CONVENIENCIA;247.912,66
21.990.101/0001-27;TATIANI APARECIDA DIAS MARTINS;BRATINA METALURGICA & CROMAGEM;147.101,67
21.996.758/0001-00;KIMASSA RESTAURANTE PIZZARIA E PASTELARIA EIRELI;KIMASSA RESTAURANTE;148.382,01
22.096.558/0001-55;GEM LIVRARIA E PAPELARIA LTDA.;CORDEL LIVRARIA E PAPELARIA;168.305,82
22.156.875/0001-10;INTECON ADMINISTRADORA DE OBRAS E PROJETOS LTDA;INTECON;150.853,32
22.380.535/0001-78;ARIEL DE JESUS POLICENO COMERCIO DE ALIMENTOS;MERCADO E ACOUGUE DA FAMILIA;997.568,52
22.497.555/0001-23;ANDERSON CARDOSO DE OLIVEIRA LTDA;IMPACTO TELECOM;2.324.568,73
22.585.549/0001-28;ADELICE STEINHEUSER;A.A REFORMAS E CONSTRUCOES;576.847,87
22.665.028/0001-80;GOODLUX COMERCIO DE EQUIPAMENTOS DE INFORMATICA E MATERIAL ELETRICO EIRELI;GOODLUX DO BRASIL;1.009.263,35
22.725.687/0001-65;ARAGANO MADEIRAS LTDA;ARAGANO AGROFLORESTAL;101.227,32
22.733.749/0001-80;INOVARE PROMOCOES E MERCHANDISING LTDA;INOVARE PROMOCOES;2.133.216,13
22.781.758/0001-47;MARCONES DE JESUS SOUSA;MJS CONSTRUCOES;346.359,98
22.793.618/0001-99;KOERICH SOLUCOES INTELIGENTES LTDA;KOERICH SEGURANCA ELETRONICA;135.801,32
22.794.550/0001-62;CRISTIAN LEONARDO FERENESA;ECOTYRES;263.937,45
22.932.722/0001-17;ACTION SPECIAL COMERCIO E ATACADISTA LTDA;ACTION PROMO;196.501,06
23.060.995/0001-81;THAYNARA CAMARGO DE OLIVEIRA;AGROPET BELINHA;113.551,79
23.173.311/0001-58;DYEGO CAMPOS;BENDITO BOTECO;279.424,11
23.210.485/0001-43;DESTAQUE SOUSA EMPREITEIRA LTDA;DESTAQUE SOUSA EMPREITEIRA;722.703,83
23.418.366/0001-80;ALBERTINA JOSE DOS SANTOS DOCE ENCANTO;DOCE ENCANTO EMBALAGENS E FESTA;111.522,78
23.441.522/0001-24;JASFI TRANSPORTE DE CARGAS LTDA;;261.527,43
23.693.307/0001-10;MILSON CASSOL;CASSOL PINTURAS REFORMAS E SERVICOS;113.863,67
23.928.053/0001-72;CLOVIS AIRTON PEREIRA DOS SANTOS;;174.472,54
24.095.786/0001-36;JESSICA DA SILVEIRA TRANSPORTES;JJST TRANSPORTES;247.586,96
24.118.447/0001-28;DOGLAS SCAPIN LTDA;2 F COMERCIO;151.840,06
24.131.212/0001-76;SHEILA GOMES DE OLIVEIRA;SGO ALIMENTOS;244.132,73
24.221.652/0001-14;WALTER EMPREITEIRA DE MAO DE OBRA NA CONSTRUCAO CIVIL LTDA;REALCE EMPREITEIRA;1.590.835,78
24.233.923/0001-51;G T SERVICOS DE DEPOSITO E TRANSPORTES LTDA;G T SERVICOS DE DEPOSITO E TRANSPORTES;575.420,97
24.337.705/0001-67;V. WAGNER CONSTRUCOES LTDA;EVOLUI CONSTRUCOES;118.843,97
24.500.694/0001-94;S & W ASSESSORIA ORGANIZACIONAL EM SEGURANCA MEDICINA E EXAMES LABORATORIAIS LTDA;S & W ORGANIZACIONAL;131.813,22
24.599.481/0001-61;EMPREITEIRA VICENTE LTDA;EMPREITEIRA VICENTE;810.777,66
24.618.802/0001-28;ARIRIU  INDUSTRIA E COMERCIO DE ALIMENTOS LTDA;ZE JOCA;396.922,17
24.775.742/0001-57;ELISIANE ELTZ ROSA;LIZAN MATERIAIS DE CONSTRUCAO;304.309,32
24.785.775/0001-88;AUTO ESTETICA AVENIDA LTDA;AUTO ESTETICA AVENIDA;130.594,41
24.833.625/0001-00;HIPERVILLE SUPERMERCADOS LTDA;KI BARATO;156.736,68
24.931.899/0001-24;ROGERIO SCHERER;EMPORIO ALIMENTOS;1.852.902,70
25.072.250/0001-68;GT LIMP SERVICOS E PRODUTOS DE LIMPEZA LTDA;GT LIMP;289.199,01
25.112.284/0001-39;CENTRAL DE MOTOBOY LTDA;CENTRAL DE MOTOBOY;529.673,62
25.116.508/0001-80;MJS CONSTRUCOES LTDA;MJS CONTRUCOES LTDA;476.229,94
25.166.101/0001-68;DESTERRO COMERCIO ATACADISTA DE ALIMENTOS LTDA;MASTER ALIMENTOS;140.981,38
25.190.397/0001-52;ANV ADMINISTRACAO DE OBRAS LTDA;ANV;209.183,94
25.239.730/0001-70;ZTEC PROJETOS LTDA;ZTEC PROJETOS;545.391,34
25.280.208/0001-32;JOSE LUCIANO VILAIN LTDA;DISTRIBUIDORA AGUA SANTA CATARINA;237.334,50
25.321.666/0001-72;MANOELA ELLER DA CUNHA ZYTKUEWISZ;BERCO ENCANTADO;139.007,64
26.024.137/0001-70;KRETZER ENGENHARIA LTDA;FENSTER DO BRASIL;107.025,29
26.033.276/0001-60;JCM COMERCIO DE MOVEIS LTDA;MARIA HELENA COMERCIO DE MOVEIS;105.925,30
26.041.563/0001-11;AUTO POSTO LUGAES LTDA;POSTOS BRAVOA;687.149,47
26.042.248/0001-09;ETEC CONSTRUCAO E TERRAPLANAGEM LTDA;;2.043.228,86
26.051.601/0001-17;TATIANE DAS GRACAS BASTOS;SWEET CHARM EMBALAGENS DOCES E FESTAS;113.862,02
26.137.889/0001-47;CK  EMPREITEIRA DE MAO DE OBRA LTDA;CK EMPREITEIRA;115.228,42
26.180.088/0001-64;EDS  SAUDE E SEGURANCA DO TRABALHO LTDA;EDS SAUDE E SEGURANCA;178.349,08
26.202.107/0001-06;LFC ODONTOLOGIA LTDA;ORAL SIN;793.990,19
26.240.561/0001-51;LETICIA COMERCIO DE ARTIGOS DE PESCA CAMPING E LAZER LTDA;PESCAELAZER;209.809,20
26.270.869/0001-40;MANGIATO CONSULTORIA LTDA;MANGIATO CONSULTORIA;344.901,53
26.284.322/0001-01;SERRALHERIA MESTRINHO LTDA;SM SERRALHERIA MESTRINHO;170.420,78
26.301.900/0001-62;IMOBILIARIA MADI LTDA;MADI CONSULTORIA IMOBILIARIA;472.948,41
26.353.683/0001-54;DF CENTRO ESPECIALIZADO EM TERAPIAS ESTETICAS LTDA;;109.135,24
26.412.263/0001-00;JBC SUPPLEMENTS CORPOREATION LTDA;GSM SUPLEMENTS;332.278,52
26.453.676/0001-24;ALEXIS DAVID NEIRA;;1.258.752,56
26.456.884/0001-87;SC EXPRESSO AMORIM TRANSPORTES LTDA;EXPRESSO AMORIM;197.812,79
26.490.038/0001-83;FLEXSPORTS  SERVICOS ESPORTIVOS LTDA;FLEXQUADRA PISOS ESPORTIVOS;290.503,61
26.581.828/0001-74;PEDRO JOSE DOS SANTOS CONSTRUCAO DE EDIFICIOS LTDA;SANTOS EMPREITEIRA;287.005,89
26.643.786/0001-59;MARFI INDUSTRIA E COMERCIO DE MOVEIS LTDA;MARFI;110.904,46
26.720.983/0001-24;PRACOOKS COMERCIO DE FRUTAS E VERDURAS LTDA;PRACOOKS;378.054,69
27.108.337/0001-73;GBN USINAGEM DE PRECISAO INDUSTRIAL E FABRICACAO DE METAL E FERRAGENS LTDA;GBN USINAGEM DE PRECISAO;229.579,58
27.185.387/0001-54;B. GRACIOTTO LTDA;TRIP DOGUERIA;157.348,00
27.391.546/0001-77;SCHMIDT EMPREITEIRA DE MAO DE OBRA LTDA;SCHMIDT EMPREITEIRA DE MAO DE OBRA;354.321,42
27.512.306/0001-83;TOP BRASIL COMERCIO VAREJISTA LTDA;;1.012.624,50
27.569.674/0001-68;TOP CHARME COMERCIO VAREJISTA DE ARTIGOS DO VESTUARIOS LTDA;TOP CHARME;553.450,90
27.674.825/0001-48;HECTOR ANTONIO MARTINEZ;SOLAR CONSTRUCOES;134.604,44
27.674.832/0001-40;ADAO EVERALDO OLIVEIRA;ADAO EVERALDO OLIVEIRA CONSTRUCOES;191.819,98
27.720.686/0001-41;RCM AR CONDICIONADO LTDA;;315.398,49
27.890.578/0001-17;SIB ENGENHARIA E CONSTRUCOES LTDA;SIB CONSTRUCOES E ENGENHARIA;125.431,48
27.935.628/0001-35;JOSE MACHADO TRINDADE;VOX TRANSPORTES;391.927,51
27.983.390/0001-13;KISNER COMERCIO E INDUSTRIA DE ELASTOMEROS LTDA;KISNER DO BRASIL;320.573,44
28.155.103/0001-40;ARS CONSTRUTORA LTDA;;196.005,64
28.291.519/0001-95;MG7 COMERCIO EXTERIOR LTDA;MG7 COMERCIO EXTERIOR;1.636.027,32
28.543.378/0001-50;LOTUS SERRALHERIA LTDA;LOTUS SERRALHERIA;391.072,08
28.561.761/0001-31;DONATO SANTOS CONSTRUTORA E INCORPORADORA LTDA;JR CONSTRUTORA E INCORPORADORA;107.398,18
28.862.063/0001-76;AJF COMERCIO VAREJISTA DE MOVEIS LTDA;AJF MOVEIS;1.481.241,33
29.104.454/0001-94;FABIANA FERREIRA DE PAULA LTDA;PANIFICADORA E CONFEITARIA VO ANA;178.917,76
29.533.634/0001-91;CNF SERVICOS FINANCEIROS LTDA;;176.363,12
30.097.391/0001-75;WKISEG COMERCIO VAREJISTA LIMITADA;WKISEG COMERCIO VAREJISTA LIMITADA;114.453,80
30.170.341/0001-76;VITA SUPRA INDUSTRIA DE COMERCIO DE SUCOS LTDA;VITA SUPRA;1.886.854,95
30.197.945/0001-06;UGIONI HOSPITAL VETERINARIO LTDA;PET STOP CLINICA VETERINARIA E PET SHOP;118.857,13
30.397.388/0001-77;CRISTIANO GONCALVES PADILHA;CRIS CAR;163.300,21
30.774.916/0001-60;GAVE COMERCIO DE CARVAO LTDA;CARVAO JORDAO;214.040,76
31.255.059/0001-54;FELIPE JOSE PEREIRA SILVEIRA 05737888983;F S TRANSPORTES;562.988,30
31.306.706/0001-00;STREAMLINE TRANSPORTES LTDA;STREAMLINE TRANSPORTES;164.575,85
31.318.494/0001-80;RJ MAO DE OBRA E ALUGUEL DE MAQUINAS LTDA;RJ MAO DE OBRA E ALUGUEL DE MAQUINAS;117.449,12
31.553.304/0001-00;TEOFILO FIGUEROA ALCANTARA  AFM EMPREITEIRA;TFA EMPREITEIRA;246.261,62
31.809.054/0001-26;MOISES COSTA MEGA MOVEIS;MEGA ESTOFADOS;129.417,46
31.852.645/0001-86;FABIANA ALVES RIPPER;PERSONALE CONSULTORIA DE VENDAS;102.512,00
31.935.214/0001-83;ACEITE CAPITAL DE SERVICOS FINANCEIROS LTDA;ACEITE DIGITAL;118.888,21
31.935.220/0001-30;RC INSTALACAO LTDA;RC INSTALACAO;134.527,53
32.220.099/0001-23;VOI INVESTIMENTOS AUTOMOTIVOS LTDA;VOI INVESTIMENTOS AUTOMOTIVOS;294.137,55
32.295.945/0001-74;AJV AR CONDICIONADOS LTDA;;163.957,57
32.526.359/0001-93;GM ESQUADRIAS LTDA;GM ALUMINIOS;195.115,26
32.726.202/0001-01;KESH PARTICIPACOES LIMITADA;KESH PARTICIPACOES;2.626.755,82
32.831.798/0001-00;A MELHOR SOCIAL DO MUNDO BAR LTDA;SOCIAL SPOT BAR;232.229,50
32.916.365/0001-57;I3 PORTAIS DE COMUNICACAO LTDA;I3 PORTAIS;122.559,60
32.991.342/0001-07;ARNO CONSTRUCOES LTDA;ARNO CONSTRUCOES;160.824,86
33.177.415/0001-94;PUG WEAR BARBER LTDA;PUG WEAR;165.910,86
33.264.798/0001-38;JMS CONSTRUCAO DE EDIFICIOS LTDA;PREDICON;635.591,17
33.422.053/0001-50;DOMINGOS JOSE DE SOUSA;DODO COMERCIO DE MAQUINAS;138.115,97
33.524.706/0001-01;REAL VALOR METALURGICA LTDA;REAL VALOR METALURGICA;101.752,07
33.562.923/0001-96;CHOPERIA BAR LTDA;JOSE ROBERTO RAMOS CACERES CHOPERIA;170.157,94
33.601.225/0001-52;GLOBAL CONSTRUCOES E SERVICOS LTDA;GLOBAL SERVICOS;143.062,36
33.953.740/0001-00;RJM SUSHI BAR E RESTAURANTE LTDA;RJM SUSHI BAR E RESTAURANTE;137.207,02
33.993.847/0001-73;VIVA COMERCIO DE PRODUTOS E MEDICAMENTOS VETERINARIO LTDA;VIVA PET LTDA;143.885,20
34.015.615/0001-03;FARACOMEX TRADING IMPORTACAO E EXPORTACAO LTDA;FARACOMEX;231.736,34
34.017.576/0001-83;FENIX CONSTRUCOES E REFORMAS LTDA;;117.987,46
34.350.915/0001-49;JOAO LUIZ BEAL DE LEAO LTDA;MOBE PRESTADORA DE SERVICOS;263.107,77
34.400.609/0001-70;LIBPLAS INDUSTRIA DE MATERIAL PLASTICO LTDA;;191.145,15
34.442.133/0001-30;MM COMERCIO E SERVICOS E SOLUCOES PREDIAIS E RESIDENCIAIS LTDA;MM SOLUCOES PREDIAIS E RESIDENCIAIS;134.050,13
34.549.180/0001-87;FRAGA & FRAGA COMERCIO DE GENEROS ALIMENTICIOS LTDA;MERCADO RIO GRANDE;105.690,43
34.643.203/0001-18;SCHULTZ INSTALACAO E SERVICOS LTDA;TREX GNV CONVERTEDORA;145.194,80
34.706.483/0001-66;BRX LOGISTICA E TRANSPORTES LTDA;BRX LOG;146.182,85
34.738.496/0001-17;VULKS LOUNGE EVENTOS LTDA;VULKS BAR;104.000,73
34.901.915/0001-90;OLIVIA LEZI DA SILVA COMERCIO DE MADEIRAS;PORTAL MADEIRAS;631.217,15
35.031.838/0001-27;MARCENARIA BOA ESPERANCA LTDA;;121.955,27
35.061.072/0001-23;VATTI ALIMENTOS LTDA;VATTI ALIMENTOS;329.528,42
35.075.339/0001-31;GILSON BONCOSKI SOARES;G.S REVESTIMENTOS CERMICOS;138.392,31
35.149.265/0001-30;CCL ARTE CONSTRUCOES LTDA;ARTE CONSTRUCOES;1.616.348,20
35.564.977/0001-16;CLINICA DE ESTETICA PALHOCA LTDA;CLINICA DE ESTETICA VIRTUOSA PALHOCA;136.976,66
35.905.608/0001-40;PREDILAR CONSTRUCOES LTDA;PREDILAR CONSTRUCOES;286.107,30
36.938.032/0001-80;CEREAIS AURA LTDA;CEREAIS AURA;214.099,16
37.033.745/0001-67;PH TRANSPORTE E LOGISTICA LTDA;PH TRANSPORTE E LOGISTICA;136.435,58
37.333.111/0001-20;K6 MOTOS COMERCIO DE PECAS ACESSORIOS E SERVICOS LTDA;K6 MOTOSTORE;1.483.913,52
37.666.564/0001-78;L A NICHELE CENTRO EDUCACIONAL;COLEGIO MULLER;136.269,38
37.672.544/0001-00;GUSTAVO COMERCIO DE ALIMENTOS LTDA;;334.221,74
37.863.449/0001-93;CENOGRAFIA QUIOSQUES INDUSTRIA E COMERCIO LTDA;CENOGRAFIA QUIOSQUE INDUSTRIA COMERCIO LTDA;116.721,93
38.218.402/0001-30;A & C CONFECCOES LTDA;A & C CONFECCOES;334.453,07
38.489.119/0001-42;MPCTECH HOLDING LTDA;MCTECH HOLDING;107.993,81
39.648.053/0001-59;VIDEGLASS TEMPERA LTDA;VIDEGLASS TEMPERA;209.044,53
39.886.073/0001-68;DDVVS AUTOMOTIVOS COMERCIO DE LUBRIFICANTES LTDA;DVS AUTOMOTIVOS;134.939,19
40.655.998/0001-87;KERLI GONCALVES PADILHA COMERCIO LTDA;COMPREMAIS COMPACTO;890.018,67
41.522.205/0001-14;IRB LOG TRANSPORTES LTDA;IRB LOG TRANSPORTES;273.979,54
42.029.956/0001-66;K7 PLASTICO LTDA;;335.988,50
42.030.199/0001-40;CONTANTI RESINAS PLASTICAS LTDA;;1.466.112,00
42.031.720/0001-64;SOUZA POLIMEROS LTDA;;1.124.938,52
42.034.588/0001-44;PLASTIC RESINAS TERMOPLASTICAS LTDA;;393.241,69
42.144.217/0001-15;PORPERI POLIMEROS LTDA;;959.608,21
42.456.241/0001-90;RD EMPREITEIRA DE MAO DE OBRA LIMITADA;RD EMPREITEIRA DE MAO DE OBRA LIMITADA;166.595,76
43.211.319/0001-79;HOSPITAL VETERINARIO SANTA VIDA PALHOCA LTDA;;429.277,82
44.930.810/0001-12;ADEMIR MUNIZ DOS SANTOS LTDA;BEBIDAS SANTOS;232.534,00
61.033.338/0001-34;COMERCIO DE ALIMENTOS E REPRESENTACOES PORTO BELO LTDA;;667.517,52
72.099.641/0001-56;CATARINAO TRANSPORTE RODOVIARIO LTDA;;395.751,13
73.231.441/0001-78;JARDIM COMERCIO DE ALIMENTOS LTDA;SUPERMERCADO JARDIM;882.885,03
73.247.314/0001-67;VALMOR JOSE ALBINO;ESTYLO GO;120.375,59
73.844.136/0001-51;COMERCIO DE GENEROS ALIMENTICIOS COSME & DAMIAO LTDA;SUPERMERCADO COSME E DAMIAO;370.827,70
73.850.927/0001-94;VERA LUCIA SILVEIRA DO NASCIMENTO;TRANSPORTADORA SABRINA;205.983,14
74.196.007/0001-67;SUPERMERCADO VERA LUCIA LTDA;;1.718.602,97
75.791.285/0001-25;JOAQUIM MANOEL PRUDENCIO;COMERCIAL PRUDENCIO;319.950,62
76.193.333/0001-46;SIRI IMPORTACAO E EXPORTACAO DE MAT FOTOGRAFICOS LTDA;IRIS COLOR EXPRESS;1.655.156,97
76.277.003/0001-39;CONSELHO COMUNITARIO DO JARDIM ELDORADO;CCJE;189.940,49
76.380.435/0001-70;COMERCIAL VIRISSIMO LTDA;COMVEL;208.676,89
76.606.169/0001-51;ADENIR GUSTAVO STEINBACH LTDA;SUPERMERCADO ANA PAULA;1.451.561,81
76.823.723/0002-33;FORMANOVA INDUSTRIA E COMERCIO DE MOVEIS LTDA;;235.394,62
76.823.723/0003-14;FORMANOVA INDUSTRIA E COMERCIO DE MOVEIS LTDA;;110.909,19
77.910.545/0001-60;VALMIR MARTINHO DA SILVEIRA;TCE TRANSPORTE E COMERCIO DE EMBALAGENS;382.480,92
78.883.618/0001-34;CONSELHO COMUNITARIO DE ARIRIU;;816.009,14
79.226.130/0001-05;VALDIR HENRIQUE FERREIRA;COTERRA COM DE AREIA E SAIBRO E SERV DE TERRAPLANAGEM;149.924,48
79.231.767/0003-43;IMPERATRIZ CENTER COMERCIO LTDA;MATERIAIS DE CONSTRUCAO IMPERATRIZ;172.153,16
79.285.458/0001-94;AGB ADMINISTRACAO DE IMOVEIS LTDA;;166.405,28
79.497.640/0001-09;IRMAOS ROSA COMERCIO E INDUSTRIA MATERIAIS CONSTRUAO ARGAMASSAS E LAJES PREMOLDADAS LTDA;;171.898,78
79.831.426/0001-47;ASSOCIACAO COMUNITARIA BELA VISTA PALHOCA;;340.334,11
79.864.583/0001-59;JOSEANA EMPREITEIRA DE MAO DE OBRA LTDA;;2.344.520,09
80.083.843/0001-38;PRESTVEST INDUSTRIA COMERCIO E SERVICOS DE CONFECCOES DO VESTUARIO LTDA;;743.151,50
80.116.817/0001-69;NOVA REVIGA CONSTRUTORA LTDA;;317.700,19
80.121.858/0001-43;MARIA HELENA COMERCIO DE MOVEIS LTDA;MARIA CLARA & HELENA COMERCIO DE MOVEIS;138.048,36
80.123.243/0001-56;JOCLEAL COMERCIO DE GENEROS ALIMENTICIOS LTDA;SUPERMERCADO LEAL;110.400,84
80.434.343/0001-01;METAL TANQUES EQUIPAMENTOS PARA SANEAMENTO BASICO LTDA;METAL TANQUES;1.154.953,93
80.441.512/0001-22;ROQUE VARONIL GONCALVES DO AMARAL;EMPREITEIRA AMARAL;194.921,56
80.462.401/0001-00;VALDECI PETRI;MOVEIS PETRI;242.968,32
80.485.220/0001-91;ASSOCIACAO DOS MORADORES DA COMUNIDADE DE PACHECOS;;329.374,83
80.653.868/0001-20;DUARTE IND E COM DE MASSAS E BISCOITOS LTDA;;1.506.620,22
80.653.868/0002-00;DUARTE IND E COM DE MASSAS E BISCOITOS LTDA;;238.671,78
80.693.666/0001-01;SHEIK CONSTRUCOES E SANEAMENTOS LTDA;;671.426,28
80.751.449/0001-20;CCL ZANELA CONSTRUCAO CIVIL LTDA;ARTE CONSTRUCOES;635.013,84
80.963.101/0001-05;MOVEIS PAMPLONA LTDA;;197.475,67
80.974.405/0001-60;AUTO POSTOSUL CENTER LTDA;;2.300.468,82
80.982.572/0001-52;STEEL METALURGICA LTDA;STEEL SERVICOS;1.267.712,23
80.995.988/0001-05;ATACADAO PAULISTA DE CONFECCOES E TECIDOS LTDA;ATACADAO PAULISTA;197.221,79
81.303.562/0001-06;EMPREITEIRA DE MAO DE OBRA C N P G LTDA;;314.554,12
81.351.447/0001-07;FIESTA EMPREENDIMENTOS TURISTICOS LIMITADA;FIESTA MOTEL;460.196,90
81.366.452/0001-93;THUME IMOVEIS LTDA;;378.682,40
81.369.035/0001-02;AUTO VIA SINALIZACAO LTDA;AUTO VIA;240.028,90
81.527.285/0001-15;MOLUSKUSFAZENDA MARINHA LTDA;MOLUSKUS FAZENDA MARINHA;2.684.144,99
81.595.951/0001-52;ORIDES SILVEIRA;EMPREITEIRA EMOS;194.102,50
81.617.193/0001-26;JOSE CAETANO AMBROSIO;JMS DISTRIBUIDORA;352.568,10
81.800.781/0001-09;IZOLETE APARECIDA DE AGUIAR SANTOS;IZA MODAS;171.784,93
81.802.365/0001-31;KING COMERCIO IMPORTACAO EXPORTACAO LTDA;KING COMERCIO IMORTACAO E EXPORTACAO LTDA;1.072.344,52
81.862.013/0001-71;PRIMER TECNOLOGIA MANUTENCAO E MONTAGEM DE MOVEIS LTDA;;2.790.498,41
81.864.290/0001-13;JOSE VICENTE O CONSTRUTOR;;133.007,16
81.874.075/0001-01;MOISES MONTEIRO DA SILVEIRA;CONFECCOES HASSE;146.973,43
82.098.682/0001-81;KAROLINY PRE MOLDADOS INDUSTRIA E COMERCIO LTDA;;215.938,46
82.146.713/0001-22;COLEGIO BJ LTDA;CENTRO EDUCACIONAL BOM JESUS;1.719.865,52
82.189.762/0001-42;RAC IMPORTACAO E EXPORTACAO DE MAT FOTOGRAFICOS LTDA;IRIS COLOR EXPRESS;427.128,10
82.533.639/0001-05;AUTO POSTO CAMBIRELA LTDA;;124.685,00
82.834.128/0001-15;LANCHONETE PASSARELA LTDA;;141.714,55
82.954.645/0001-28;MATITEL IND. E COM. DE PREMOLDADOS LTDA;MATRIARCA  CASA & CONSTRUCAO;259.944,80
83.164.541/0001-82;ALUIR DA SILVA RIBEIRO;ALUMETAL;296.215,69
83.468.538/0001-52;JOSE VALDIR HARGER;BETH BORDADOS;161.514,65
83.471.169/0001-57;LUCIA GORGES PETRY;LUCIA GORGES PETRY ARMAZEM;123.906,96
83.475.970/0005-02;SAIBRITA MINERACAO E CONSTRUCAO LTDA;;368.083,04
83.646.562/0007-20;ALGEMIRO MANIQUE BARRETO & CIA LTDA;TRANSPORTADORA MANIQUE;290.918,51
83.726.034/0001-95;TRANSPORTADORA DOIS IRMAOS LTDA;TDITUR;591.448,97
83.806.737/0001-23;SERRARIA PENHA LTDA;SERRARIA PENHA;111.641,55
83.840.801/0001-92;MADRIL MADEIRAS E ESQUADRIAS LTDA;;633.030,49
83.865.485/0001-03;DISTRIBUIDORA DE BEBIDAS VILAIN LIMITADA;;709.067,28
83.949.628/0001-65;MADEREIRA E SERRARIA TRES IRMAOS LTDA;;219.014,15
84.094.598/0007-00;COOPERATIVA CENTRAL CATARINENSE DE LATICINIOS  CCCL;COOPERLEITE;321.102,35
85.150.902/0001-67;DISTRIBUIDORA DE CARNES ELDORADO LTDA;DISTRIBUIDORA DE CARNES ELDORADO;147.159,73
85.165.470/0001-68;LOJAS WEISS LTDA;WEISS MOVEIS E ELETRODOMESTICOS;134.769,90
85.200.418/0001-03;FORNECEDORA PRODUTOS E SERVICOS LTDA;FORNECEDORA;261.093,42
85.208.262/0001-07;MATERIAIS DE CONSTRUCAO BRASIL SUL LTDA;;109.043,36
85.229.508/0001-19;TIEPPO COMERCIAL LTDA;;101.025,90
85.253.391/0001-09;ALCIDES FELISBERTO DA ROSA;SUB EMPREITEIRA DE MAO DE OBRA RFA;100.819,45
85.266.732/0001-80;P. H. EMBALAGENS LTDA;P.H. EMBALAGENS;345.792,36
85.318.244/0001-70;TSA LOCACOES INDUSTRIAIS LTDA;;637.711,87
85.345.940/0001-75;AUTO PECAS ARIRIU LTDA;;484.158,58
85.349.603/0001-56;BRATINA DO BRASIL IND E COM DE PRODUTOS METALURG LTDA;;1.397.760,93
85.355.618/0001-27;IRENO HILLESHEIM;CENTRO EDUCACIONAL MARIA VARGAS;755.396,88
90.528.712/0001-70;SEGATTO SERVICOS COMERCIO E EXPORTACAO LTDA;COMERCIAL SEGATTO;965.746,28
91.995.498/0001-25;EXITO ASSESSORIA EM RECURSOS HUMANOS LTDA;EXITO;165.566,75
93.411.973/0001-02;MPB INDUSTRIA E COMERCIO DE EQUIPAMENTOS PARA LAZER LTDA;CIA DA CRIANCA;1.051.962,81
94.354.024/0001-92;PORLEZ & MATTOS LTDA;BUSS MASTER TELEINFORMATICA;114.160,26
94.933.900/0001-35;ADDMOTION SOLUCOES INDUSTRIAIS LTDA;ADD;155.389,79
95.777.561/0001-08;MOBIARTH INDUSTRIA E COMERCIO DE MOVEIS LTDA;;108.037,68
95.792.065/0001-23;ASSEC LTDA;ASSEC;1.318.871,76
95.814.893/0001-15;NICOLS COMERCIO DE PECAS E EQUIPAMENTOS PARA MAQUINAS LTDA;NICOLS PECAS;223.744,06
95.820.379/0001-92;HOT LINE COMERCIO DE ETIQUETAS LTDA;;389.339,22
95.833.885/0001-16;ELETROMONTAGENS PALHOCENSE LTDA;;322.235,25
97.384.812/0001-10;G.T. PNEUS LTDA;GS TYRE;216.790,53
97.538.132/0001-03;COMERCIO ATACADISTA E TRANSPORTE DE HORTIFRUTIGRANJEIROS WL LTDA;COMERCIO E TRANSPORTE DE HORTIFRUTIGRANJEIRO WL;213.453,92
